序号,链接,节点数
0,https://gitlab.com/colloq168/nodefiltrate/-/raw/main/filtrate?ref_type=heads,164
1,https://gkk1QO.absslk.xyz/4afd26798e7ae5c2db220da1c8703a91,0
2,https://raw.githubusercontent.com/Alvin9999/pac2/master/clash.meta2/1/config.yaml,0
3,https://raw.githubusercontent.com/Alvin9999/pac2/master/clash.meta2/13/config.yaml,0
4,https://raw.githubusercontent.com/Alvin9999/pac2/master/clash.meta2/15/config.yaml,0
5,https://raw.githubusercontent.com/Alvin9999/pac2/master/clash.meta2/2/config.yaml,0
6,https://raw.githubusercontent.com/Alvin9999/pac2/master/clash.meta2/config.yaml,0
7,https://raw.githubusercontent.com/Huibq/TrojanLinks/master/links/vmess,0
8,https://raw.githubusercontent.com/Surfboardv2ray/TGParse/main/python/hy2,56
9,https://raw.githubusercontent.com/Surfboardv2ray/TGParse/main/python/hysteria2,84
10,https://raw.githubusercontent.com/qjlxg/hy2/main/splitted/hy2,17
11,https://raw.githubusercontent.com/ripaojiedian/freenode/main/clash,21
12,https://raw.githubusercontent.com/ripaojiedian/freenode/main/sub,22
13,https://raw.githubusercontent.com/zhangkaiitugithub/passcro/main/speednodes.yaml,177
14,https://yPaaR2.mcsslk.xyz/8695a4887019eb8ef5872906549a5865,0
15,dynamic://peasoft,0

总计,,465
